"ID","交易对","信号时间","杠杆","价格","交易数量","交易完成之后的仓位","是否平仓","保证金快照"
"20102","XRP/USDT:USDT","2025-02-26T13:56:22.924Z","10","","582.7","582.7","N",""
"20157","INJ/USDT:USDT","2025-02-26T14:25:43.736Z","10","","101.1","101.1","N",""
"20190","INJ/USDT:USDT","2025-02-26T14:46:21.482Z","10","","-101.1","0","Y",""
"20214","XRP/USDT:USDT","2025-02-26T15:00:14.189Z","10","","-582.7","0","Y",""
"20438","QNT/USDT:USDT","2025-02-26T17:55:20.991Z","10","","12.7","12.7","N",""
"20480","XRP/USDT:USDT","2025-02-26T18:29:50.443Z","10","","593.9","593.9","N",""
"20518","ETH/USDT:USDT","2025-02-26T18:37:27.364Z","10","","0.569","0.569","N",""
"20535","INJ/USDT:USDT","2025-02-26T18:39:50.454Z","10","","103.7","103.7","N",""
"20547","MINA/USDT:USDT","2025-02-26T18:39:58.794Z","10","","4346","4346","N",""
"20573","QNT/USDT:USDT","2025-02-26T18:45:12.126Z","10","","-12.7","0","Y",""
"20640","MINA/USDT:USDT","2025-02-26T19:15:09.064Z","10","","-4346","0","Y",""
"20641","INJ/USDT:USDT","2025-02-26T19:15:10.726Z","10","","-103.7","0","Y",""
"20723","ETH/USDT:USDT","2025-02-26T20:30:01.333Z","10","","-0.569","0","Y",""
"20747","XRP/USDT:USDT","2025-02-26T20:45:04.069Z","10","","-593.9","0","Y",""
"21758","MINA/USDT:USDT","2025-02-27T21:05:56.018Z","10","","91","91","N",""
"21759","MINA/USDT:USDT","2025-02-27T21:05:58.167Z","10","","4137","4228","N",""
"21779","MINA/USDT:USDT","2025-02-27T21:30:13.529Z","10","","-4228","0","Y",""
"21877","QNT/USDT:USDT","2025-02-28T00:30:53.905Z","10","","13.4","13.4","N",""
"21879","QNT/USDT:USDT","2025-02-28T00:32:43.676Z","10","","0.09999999999999964","13.5","N",""
"21928","XRP/USDT:USDT","2025-02-28T01:30:21.777Z","10","","612.6","612.6","N",""
"22008","XRP/USDT:USDT","2025-02-28T01:34:50.710Z","10","","625.4","1238","N",""
"22027","QNT/USDT:USDT","2025-02-28T01:53:03.843Z","10","","13.8","27.3","N",""
"22086","ETH/USDT:USDT","2025-02-28T02:33:00.554Z","10","","0.603","0.603","N",""
"22091","LINK/USDT:USDT","2025-02-28T02:33:13.847Z","10","","92.81","92.81","N",""
"22098","XLM/USDT:USDT","2025-02-28T02:33:24.328Z","10","","4902","4902","N",""
"22099","MINA/USDT:USDT","2025-02-28T02:33:26.199Z","10","","4361","4361","N",""
"22100","AVAX/USDT:USDT","2025-02-28T02:33:26.477Z","10","","62","62","N",""
"22101","XRP/USDT:USDT","2025-02-28T02:33:28.215Z","10","","638.9000000000001","1876.9","N",""
"22121","DOT/USDT:USDT","2025-02-28T02:44:52.549Z","10","","282.5","282.5","N",""
"22134","BNB/USDT:USDT","2025-02-28T02:51:22.791Z","10","","2.26","2.26","N",""
"22165","AVAX/USDT:USDT","2025-02-28T03:15:02.689Z","10","","-62","0","Y",""
"22166","BNB/USDT:USDT","2025-02-28T03:15:04.252Z","10","","-2.26","0","Y",""
"22167","DOT/USDT:USDT","2025-02-28T03:15:10.161Z","10","","-282.5","0","Y",""
"22168","MINA/USDT:USDT","2025-02-28T03:15:11.546Z","10","","-4361","0","Y",""
"22171","MKR/USDT:USDT","2025-02-28T03:21:16.698Z","10","","0.825","0.825","N",""
"22369","QNT/USDT:USDT","2025-02-28T15:15:06.949Z","10","","-55.8","0","Y",""
"22678","INJ/USDT:USDT","2025-03-01T11:10:41.465Z","10","","102.8","102.8","N",""
"22709","INJ/USDT:USDT","2025-03-01T13:00:08.612Z","10","","-102.8","0","Y",""
"22717","QNT/USDT:USDT","2025-03-01T13:12:15.204Z","10","","14.2","14.2","N",""
"22746","MINA/USDT:USDT","2025-03-01T13:51:00.488Z","10","","4237","4237","N",""
"22756","MINA/USDT:USDT","2025-03-01T14:15:13.540Z","10","","-4237","0","Y",""
"22757","QNT/USDT:USDT","2025-03-01T14:15:15.170Z","10","","-14.2","0","Y",""
"23758","MKR/USDT:USDT","2025-03-02T20:32:04.340Z","10","","0.823","0.823","N",""
"23765","MKR/USDT:USDT","2025-03-02T21:00:07.618Z","10","","-0.823","0","Y",""
"24255","QNT/USDT:USDT","2025-03-03T06:34:46.115Z","10","","0.7","0.7","N",""
"24256","QNT/USDT:USDT","2025-03-03T06:34:47.553Z","10","","13.100000000000001","13.8","N",""
"24273","MINA/USDT:USDT","2025-03-03T06:39:16.230Z","10","","3998","3998","N",""
"24285","XRP/USDT:USDT","2025-03-03T06:40:08.174Z","10","","480.9","480.9","N",""
"24393","XRP/USDT:USDT","2025-03-03T07:03:01.074Z","10","","491","971.9","N",""
"24413","VET/USDT:USDT","2025-03-03T07:04:31.197Z","10","","15408","15408","N",""
"24415","VET/USDT:USDT","2025-03-03T07:05:05.506Z","10","","28205","43613","N",""
"24435","QNT/USDT:USDT","2025-03-03T07:30:10.738Z","10","","-13.8","0","Y",""
"24454","VET/USDT:USDT","2025-03-03T08:00:07.223Z","10","","-43613","0","Y",""
"24572","XLM/USDT:USDT","2025-03-03T08:49:38.500Z","10","","3984","3984","N",""
"24595","XRP/USDT:USDT","2025-03-03T08:52:33.899Z","10","","501.6","1473.5","N",""
"24596","MINA/USDT:USDT","2025-03-03T08:52:35.314Z","10","","4083","8081","N",""
"24597","LTC/USDT:USDT","2025-03-03T08:52:36.723Z","10","","11.275","11.275","N",""
"24647","MKR/USDT:USDT","2025-03-03T09:20:41.033Z","10","","0.901","0.901","N",""
"24651","XRP/USDT:USDT","2025-03-03T09:21:26.875Z","10","","512.5999999999999","1986.1","N",""
"24686","MKR/USDT:USDT","2025-03-03T09:45:41.290Z","10","","-0.901","0","Y",""
"24712","XRP/USDT:USDT","2025-03-03T10:30:02.251Z","10","","-1986.1","0","Y",""
"24717","LTC/USDT:USDT","2025-03-03T10:45:02.014Z","10","","-11.275","0","Y",""
"24889","MINA/USDT:USDT","2025-03-03T13:45:13.377Z","10","","-8081","0","Y",""
"25023","XRP/USDT:USDT","2025-03-03T14:59:27.159Z","10","","505.8","505.8","N",""
"25037","XLM/USDT:USDT","2025-03-03T14:59:35.277Z","10","","4071","8055","N",""
"25255","XRP/USDT:USDT","2025-03-03T17:45:02.528Z","10","","-505.8","0","Y",""
"25297","MKR/USDT:USDT","2025-03-03T18:18:29.595Z","10","","0.916","0.916","N",""
"25311","MINA/USDT:USDT","2025-03-03T18:19:49.019Z","10","","4219","4219","N",""
"25373","ETH/USDT:USDT","2025-03-03T18:27:02.902Z","10","","0.586","0.586","N",""
"25383","XLM/USDT:USDT","2025-03-03T18:27:45.045Z","10","","4162","12217","N",""
"25444","MINA/USDT:USDT","2025-03-03T18:38:37.368Z","10","","4308","8527","N",""
"25460","MKR/USDT:USDT","2025-03-03T18:38:54.449Z","10","","0.936","1.852","N",""
"25518","XLM/USDT:USDT","2025-03-03T18:47:21.455Z","10","","4256","16473","N",""
"25594","GRT/USDT:USDT","2025-03-03T19:08:24.595Z","10","","11477","11477","N",""
"25616","AVAX/USDT:USDT","2025-03-03T19:11:22.677Z","10","","60","60","N",""
"25633","INJ/USDT:USDT","2025-03-03T19:13:46.506Z","10","","103.5","103.5","N",""
"25642","ETH/USDT:USDT","2025-03-03T19:13:51.444Z","10","","0.5990000000000001","1.185","N",""
"25643","ALGO/USDT:USDT","2025-03-03T19:13:51.451Z","10","","5242.5","5242.5","N",""
"25668","LINK/USDT:USDT","2025-03-03T19:15:42.958Z","10","","86.27","86.27","N",""
"25684","PYTH/USDT:USDT","2025-03-03T19:16:00.334Z","10","","6930","6930","N",""
"25688","DOT/USDT:USDT","2025-03-03T19:17:18.099Z","10","","284.5","284.5","N",""
"25704","XLM/USDT:USDT","2025-03-03T19:18:30.416Z","10","","4355","20828","N",""
"25711","MINA/USDT:USDT","2025-03-03T19:18:37.656Z","10","","4402","12929","N",""
"25753","INJ/USDT:USDT","2025-03-03T19:54:16.196Z","10","","105.69999999999999","209.2","N",""
"25759","AVAX/USDT:USDT","2025-03-03T19:54:18.911Z","10","","61","121","N",""
"25765","FIL/USDT:USDT","2025-03-03T19:54:21.407Z","10","","427.2","427.2","N",""
"25766","ALGO/USDT:USDT","2025-03-03T19:54:21.418Z","10","","5356.5","10599","N",""
"25782","EGLD/USDT:USDT","2025-03-03T19:54:31.985Z","10","","57.3","57.3","N",""
"25787","MKR/USDT:USDT","2025-03-03T19:54:34.327Z","10","","0.9559999999999997","2.808","N",""
"25800","VET/USDT:USDT","2025-03-03T19:55:08.636Z","10","","47394","47394","N",""
"25802","GRT/USDT:USDT","2025-03-03T19:55:08.649Z","10","","11729","23206","N",""
"25805","ETH/USDT:USDT","2025-03-03T19:55:11.439Z","10","","0.6119999999999999","1.797","N",""
"25814","SAND/USDT:USDT","2025-03-03T19:55:12.918Z","10","","4297","4297","N",""
"25827","MANA/USDT:USDT","2025-03-03T19:55:25.967Z","10","","4763","4763","N",""
"25844","DOT/USDT:USDT","2025-03-03T19:55:41.927Z","10","","290.70000000000005","575.2","N",""
"25845","ETC/USDT:USDT","2025-03-03T19:55:41.945Z","10","","69.4","69.4","N",""
"25853","LINK/USDT:USDT","2025-03-03T19:55:43.359Z","10","","88.16000000000001","174.43","N",""
"25862","CHZ/USDT:USDT","2025-03-03T19:55:46.727Z","10","","28081","28081","N",""
"25872","AVAX/USDT:USDT","2025-03-03T20:00:05.444Z","10","","62","183","N",""
"25906","OP/USDT:USDT","2025-03-03T20:29:20.925Z","10","","1327.1","1327.1","N",""
"25916","PYTH/USDT:USDT","2025-03-03T20:39:29.368Z","10","","7080","14010","N",""
"25930","MINA/USDT:USDT","2025-03-03T20:39:53.264Z","10","","4500","17429","N",""
"25931","INJ/USDT:USDT","2025-03-03T20:39:53.271Z","10","","108","317.2","N",""
"25944","GRT/USDT:USDT","2025-03-03T20:43:30.512Z","10","","11992","35198","N",""
"25946","OP/USDT:USDT","2025-03-03T21:00:05.966Z","10","","-1327.1","0","Y",""
"25947","VET/USDT:USDT","2025-03-03T21:00:07.498Z","10","","-47394","0","Y",""
"25949","CHZ/USDT:USDT","2025-03-03T21:00:08.893Z","10","","-28081","0","Y",""
"25957","FIL/USDT:USDT","2025-03-03T21:15:04.313Z","10","","-427.2","0","Y",""
"25958","MANA/USDT:USDT","2025-03-03T21:15:11.407Z","10","","-4763","0","Y",""
"25965","ETC/USDT:USDT","2025-03-03T21:45:02.161Z","10","","-69.4","0","Y",""
"25967","MKR/USDT:USDT","2025-03-03T21:45:07.886Z","10","","-2.808","0","Y",""
"25968","DOT/USDT:USDT","2025-03-03T21:45:10.141Z","10","","-575.2","0","Y",""
"25969","EGLD/USDT:USDT","2025-03-03T21:45:11.484Z","10","","-57.3","0","Y",""
"25994","XLM/USDT:USDT","2025-03-03T21:52:15.431Z","10","","4459","25287","N",""
"25998","ALGO/USDT:USDT","2025-03-03T21:54:02.918Z","10","","139.20000000000073","10738.2","N",""
"25999","ALGO/USDT:USDT","2025-03-03T21:54:04.210Z","10","","5336.299999999999","16074.5","N",""
"26028","LINK/USDT:USDT","2025-03-03T21:57:37.176Z","10","","90.13999999999999","264.57","N",""
"26043","SAND/USDT:USDT","2025-03-03T21:57:54.475Z","10","","4392","8689","N",""
"26060","SAND/USDT:USDT","2025-03-03T22:30:06.166Z","10","","-8689","0","Y",""
"26386","INJ/USDT:USDT","2025-03-04T00:34:05.515Z","10","","79.69999999999999","396.9","N",""
"26387","INJ/USDT:USDT","2025-03-04T00:34:06.872Z","10","","30.700000000000045","427.6","N",""
"26411","PYTH/USDT:USDT","2025-03-04T00:58:42.464Z","10","","7238","21248","N",""
"26429","INJ/USDT:USDT","2025-03-04T01:24:34.520Z","10","","113","540.6","N",""
"26436","ALGO/USDT:USDT","2025-03-04T01:25:15.491Z","10","","24.899999999999636","16099.4","N",""
"26444","AVAX/USDT:USDT","2025-03-04T01:34:23.055Z","10","","64","247","N",""
"26449","GRT/USDT:USDT","2025-03-04T01:34:41.949Z","10","","12268","47466","N",""
"26452","ALGO/USDT:USDT","2025-03-04T01:34:43.414Z","10","","5575.1","21674.5","N",""
"26459","MINA/USDT:USDT","2025-03-04T01:37:06.197Z","10","","4602","22031","N",""
"26464","LINK/USDT:USDT","2025-03-04T01:38:22.522Z","10","","92.22000000000003","356.79","N",""
"26467","PYTH/USDT:USDT","2025-03-04T01:38:27.516Z","10","","7402","28650","N",""
"26483","XLM/USDT:USDT","2025-03-04T01:39:20.839Z","10","","4568","29855","N",""
"26501","ETH/USDT:USDT","2025-03-04T01:39:35.984Z","10","","0.6260000000000001","2.423","N",""
"26508","INJ/USDT:USDT","2025-03-04T01:39:47.851Z","10","","115.60000000000002","656.2","N",""
"26557","GRT/USDT:USDT","2025-03-04T01:41:36.548Z","10","","12557","60023","N",""
"26576","ALGO/USDT:USDT","2025-03-04T01:43:40.640Z","10","","347","22021.5","N",""
"26579","ALGO/USDT:USDT","2025-03-04T01:43:43.285Z","10","","622","22643.5","N",""
"26580","ALGO/USDT:USDT","2025-03-04T01:43:44.784Z","10","","402.2000000000007","23045.7","N",""
"26581","ALGO/USDT:USDT","2025-03-04T01:43:59.631Z","10","","4359","27404.7","N",""
"26583","AVAX/USDT:USDT","2025-03-04T01:44:01.002Z","10","","65","312","N",""
"26584","PYTH/USDT:USDT","2025-03-04T01:44:01.010Z","10","","7574","36224","N",""
"26585","LINK/USDT:USDT","2025-03-04T01:44:01.018Z","10","","94.38","451.17","N",""
"26597","MINA/USDT:USDT","2025-03-04T01:45:12.452Z","10","","4709","26740","N",""
"26602","INJ/USDT:USDT","2025-03-04T01:45:16.168Z","10","","118.39999999999998","774.6","N",""
"26614","DOT/USDT:USDT","2025-03-04T01:45:34.523Z","10","","306.6","306.6","N",""
"26615","ETH/USDT:USDT","2025-03-04T01:45:34.528Z","10","","0.641","3.064","N",""
"26649","EGLD/USDT:USDT","2025-03-04T02:05:33.129Z","10","","60.8","60.8","N",""
"26679","ALGO/USDT:USDT","2025-03-04T02:05:57.533Z","10","","5866.600000000002","33271.3","N",""
"26698","XLM/USDT:USDT","2025-03-04T02:06:01.731Z","10","","4682","34537","N",""
"26718","MKR/USDT:USDT","2025-03-04T02:06:27.443Z","10","","0.953","0.953","N",""
"26725","MINA/USDT:USDT","2025-03-04T02:06:37.106Z","10","","4821","31561","N",""
"26732","LINK/USDT:USDT","2025-03-04T02:06:39.955Z","10","","96.66000000000003","547.83","N",""
"26733","GRT/USDT:USDT","2025-03-04T02:06:39.981Z","10","","12859","72882","N",""
"26735","INJ/USDT:USDT","2025-03-04T02:06:41.425Z","10","","121.29999999999995","895.9","N",""
"26752","FIL/USDT:USDT","2025-03-04T02:06:57.545Z","10","","455.6","455.6","N",""
"26763","OP/USDT:USDT","2025-03-04T02:07:08.199Z","10","","1436.7","1436.7","N",""
"26797","DOT/USDT:USDT","2025-03-04T02:11:13.074Z","10","","313.29999999999995","619.9","N",""
"26873","MKR/USDT:USDT","2025-03-04T02:45:02.217Z","10","","-0.953","0","Y",""
"26888","OP/USDT:USDT","2025-03-04T03:00:02.690Z","10","","-1436.7","0","Y",""
"26890","DOT/USDT:USDT","2025-03-04T03:00:06.233Z","10","","-619.9","0","Y",""
"26892","FIL/USDT:USDT","2025-03-04T03:00:10.989Z","10","","-455.6","0","Y",""
"26933","EGLD/USDT:USDT","2025-03-04T04:15:05.418Z","10","","-60.8","0","Y",""
"27352","PYTH/USDT:USDT","2025-03-04T13:13:21.712Z","10","","227","36451","N",""
"27354","PYTH/USDT:USDT","2025-03-04T13:13:24.240Z","10","","7528","43979","N",""
"27358","AVAX/USDT:USDT","2025-03-04T13:13:31.297Z","10","","67","379","N",""
"27459","INJ/USDT:USDT","2025-03-04T15:21:36.223Z","10","","91.89999999999998","987.8","N",""
"27463","INJ/USDT:USDT","2025-03-04T15:21:38.129Z","10","","32.5","1020.3","N",""
"27558","GRT/USDT:USDT","2025-03-04T16:29:16.119Z","10","","13177","86059","N",""
"27639","AVAX/USDT:USDT","2025-03-04T16:35:15.208Z","10","","68","447","N",""
"27640","PYTH/USDT:USDT","2025-03-04T16:35:15.216Z","10","","7944","51923","N",""
"27642","INJ/USDT:USDT","2025-03-04T16:35:16.622Z","10","","127.60000000000014","1147.9","N",""
"27664","MKR/USDT:USDT","2025-03-04T16:35:32.459Z","10","","0.982","0.982","N",""
"27670","LINK/USDT:USDT","2025-03-04T16:35:37.331Z","10","","99.04999999999995","646.88","N",""
"27688","ALGO/USDT:USDT","2025-03-04T16:35:54.649Z","10","","626","33897.3","N",""
"27692","ALGO/USDT:USDT","2025-03-04T16:35:56.018Z","10","","17.599999999998545","33914.9","N",""
"27700","ETH/USDT:USDT","2025-03-04T16:35:57.475Z","10","","0.6560000000000001","3.72","N",""
"27701","ALGO/USDT:USDT","2025-03-04T16:35:57.482Z","10","","5366.0999999999985","39281","N",""
"27733","MKR/USDT:USDT","2025-03-04T17:15:06.456Z","10","","-0.982","0","Y",""
"27737","ETH/USDT:USDT","2025-03-04T17:30:03.749Z","10","","-3.72","0","Y",""
"27738","ALGO/USDT:USDT","2025-03-04T17:30:11.720Z","10","","-39281","0","Y",""
"27739","PYTH/USDT:USDT","2025-03-04T17:30:13.294Z","10","","-51923","0","Y",""
"27741","LINK/USDT:USDT","2025-03-04T17:45:01.144Z","10","","-646.88","0","Y",""
"27765","GRT/USDT:USDT","2025-03-04T19:15:12.463Z","10","","-86059","0","Y",""
"27835","AVAX/USDT:USDT","2025-03-04T21:30:01.648Z","10","","-447","0","Y",""
"27837","INJ/USDT:USDT","2025-03-04T21:30:07.851Z","10","","-1147.9","0","Y",""
"27838","MINA/USDT:USDT","2025-03-04T21:30:14.614Z","10","","-31561","0","Y",""
"28317","XLM/USDT:USDT","2025-03-05T09:30:05.117Z","10","","-34537","0","Y",""
"28438","MKR/USDT:USDT","2025-03-05T14:04:47.824Z","10","","0.957","0.957","N",""
"28494","MKR/USDT:USDT","2025-03-05T15:15:02.249Z","10","","-0.957","0","Y",""
"29319","QNT/USDT:USDT","2025-03-06T13:59:15.257Z","10","","15.4","15.4","N",""
"29434","QNT/USDT:USDT","2025-03-06T15:15:09.810Z","10","","-15.4","0","Y",""
"30018","XRP/USDT:USDT","2025-03-07T00:19:23.210Z","10","","520.4","520.4","N",""
"30130","XRP/USDT:USDT","2025-03-07T00:23:08.230Z","10","","531.4","1051.8","N",""
"30205","MINA/USDT:USDT","2025-03-07T00:25:42.152Z","10","","4619","4619","N",""
"30250","QNT/USDT:USDT","2025-03-07T00:26:27.155Z","10","","16","16","N",""
"30280","ALGO/USDT:USDT","2025-03-07T00:26:34.192Z","10","","5677.3","5677.3","N",""
"30523","PYTH/USDT:USDT","2025-03-07T00:46:17.399Z","10","","193","193","N",""
"30527","PYTH/USDT:USDT","2025-03-07T00:46:18.812Z","10","","7387","7580","N",""
"30570","XRP/USDT:USDT","2025-03-07T00:53:10.674Z","10","","542.8","1594.6","N",""
"30575","EGLD/USDT:USDT","2025-03-07T00:53:12.248Z","10","","66.6","66.6","N",""
"30607","MKR/USDT:USDT","2025-03-07T00:54:22.456Z","10","","1.067","1.067","N",""
"30646","AVAX/USDT:USDT","2025-03-07T00:55:09.377Z","10","","66","66","N",""
"30742","AVAX/USDT:USDT","2025-03-07T01:15:04.345Z","10","","-66","0","Y",""
"30744","PYTH/USDT:USDT","2025-03-07T01:15:09.474Z","10","","-7580","0","Y",""
"30745","MKR/USDT:USDT","2025-03-07T01:15:09.491Z","10","","-1.067","0","Y",""
"30746","MINA/USDT:USDT","2025-03-07T01:15:12.347Z","10","","-4619","0","Y",""
"30794","QNT/USDT:USDT","2025-03-07T01:30:14.092Z","10","","-16","0","Y",""
"30831","EGLD/USDT:USDT","2025-03-07T01:45:09.119Z","10","","-66.6","0","Y",""
"30867","ALGO/USDT:USDT","2025-03-07T02:15:22.620Z","10","","-5677.3","0","Y",""
"30909","XRP/USDT:USDT","2025-03-07T02:45:01.530Z","10","","-1594.6","0","Y",""
"31251","QNT/USDT:USDT","2025-03-07T13:00:05.280Z","10","","-16.3","0","Y",""
"31424","XRP/USDT:USDT","2025-03-07T16:11:01.776Z","10","2.45049475","533.4","533.4","N",""
"31503","XRP/USDT:USDT","2025-03-07T16:51:27.550Z","10","2.3888","544.6999999999999","1078.1","N",""
"31568","XRP/USDT:USDT","2025-03-07T18:15:03.548Z","10","2.3888","-1078.1","0","Y",""
"31667","XRP/USDT:USDT","2025-03-07T21:06:40.191Z","10","2.40509618","541.6","541.6","N",""
"31744","XRP/USDT:USDT","2025-03-07T22:10:34.074Z","10","2.3525","552.9999999999999","1094.6","N",""
"31950","XRP/USDT:USDT","2025-03-08T00:30:02.361Z","10","2.3525","-1094.6","0","Y",""
"31951","QNT/USDT:USDT","2025-03-08T00:33:25.531Z","10","76.94111575","16.9","16.9","N",""
"31968","INJ/USDT:USDT","2025-03-08T01:18:07.827Z","10","11.29996342","115.1","115.1","N",""
"32017","INJ/USDT:USDT","2025-03-08T02:15:03.893Z","10","11.29996342","-115.1","0","Y",""
"32019","QNT/USDT:USDT","2025-03-08T02:45:04.551Z","10","76.94111575","-16.9","0","Y",""
"32127","ETC/USDT:USDT","2025-03-08T09:47:29.515Z","10","19.58","66.41","66.41","N",""
"32148","ETC/USDT:USDT","2025-03-08T11:00:24.361Z","10","19.58","-66.41","0","Y",""
"32796","XRP/USDT:USDT","2025-03-09T10:27:25.395Z","10","2.25937673","576","576","N",""
"32892","INJ/USDT:USDT","2025-03-09T11:38:57.760Z","10","10.473","124.2","124.2","N",""
"32895","INJ/USDT:USDT","2025-03-09T12:00:05.391Z","10","10.473","-124.2","0","Y",""
"32915","QNT/USDT:USDT","2025-03-09T12:05:28.203Z","10","79.07","16.5","16.5","N",""
"32937","ETC/USDT:USDT","2025-03-09T12:56:16.743Z","10","18.96076147","68.59","68.59","N",""
"32952","ETC/USDT:USDT","2025-03-09T13:30:07.556Z","10","18.96076147","-68.59","0","Y",""
"32957","XRP/USDT:USDT","2025-03-09T13:36:02.795Z","10","2.21263282","588.0999999999999","1164.1","N",""
"33028","XRP/USDT:USDT","2025-03-09T13:59:57.875Z","10","2.1662","600.8000000000002","1764.9","N",""
"33088","MINA/USDT:USDT","2025-03-09T14:50:29.479Z","10","0.26894324","5","5","N",""
"33089","XRP/USDT:USDT","2025-03-09T15:00:03.240Z","10","2.1662","-1764.9","0","Y",""
"33092","MINA/USDT:USDT","2025-03-09T15:00:11.313Z","10","0.26894324","-5","0","Y",""
"33150","GRT/USDT:USDT","2025-03-09T15:46:17.637Z","10","0.09371133","13890","13890","N",""
"33368","CHZ/USDT:USDT","2025-03-09T16:37:42.168Z","10","0.04412596","29484","29484","N",""
"33371","GRT/USDT:USDT","2025-03-09T16:37:46.634Z","10","0.09174177","273","14163","N",""
"33375","GRT/USDT:USDT","2025-03-09T16:37:48.009Z","10","0.0917455","13922","28085","N",""
"33409","PYTH/USDT:USDT","2025-03-09T16:51:24.419Z","10","0.15247383","168","168","N",""
"33412","PYTH/USDT:USDT","2025-03-09T16:51:25.954Z","10","0.15237383","8367","8535","N",""
"33416","ETH/USDT:USDT","2025-03-09T16:52:31.192Z","10","2058.11","0.632","0.632","N",""
"33418","AVAX/USDT:USDT","2025-03-09T16:52:35.274Z","10","18.80470912","69","69","N",""
"33428","OP/USDT:USDT","2025-03-09T16:52:52.566Z","10","0.85365867","1525.5","1525.5","N",""
"33480","VET/USDT:USDT","2025-03-09T17:07:47.718Z","10","0.025098","51805","51805","N",""
"33522","PYTH/USDT:USDT","2025-03-09T17:21:57.838Z","10","0.1492089","7558","16093","N",""
"33523","QNT/USDT:USDT","2025-03-09T17:22:00.534Z","10","77.41","16.799999999999997","33.3","N",""
"33549","AVAX/USDT:USDT","2025-03-09T17:41:32.081Z","10","18.40625362","71","140","N",""
"33555","PYTH/USDT:USDT","2025-03-09T17:41:42.304Z","10","0.14921758","1162","17255","N",""
"33560","MKR/USDT:USDT","2025-03-09T17:42:08.835Z","10","1229.5","1.058","1.058","N",""
"33564","MKR/USDT:USDT","2025-03-09T17:43:47.522Z","10","1205.15501893","1.0809999999999997","2.139","N",""
"33626","CHZ/USDT:USDT","2025-03-09T17:57:28.638Z","10","0.04318583","30132","59616","N",""
"33661","GRT/USDT:USDT","2025-03-09T18:15:40.982Z","10","0.0897897","14514","42599","N",""
"33678","AVAX/USDT:USDT","2025-03-09T18:16:49.104Z","10","18.003","72","212","N",""
"33681","SAND/USDT:USDT","2025-03-09T18:16:50.502Z","10","0.26765158","4864","4864","N",""
"33688","ETH/USDT:USDT","2025-03-09T18:18:22.439Z","10","2012.93956349","0.646","1.278","N",""
"33727","OP/USDT:USDT","2025-03-09T18:30:09.807Z","10","0.85365867","-1525.5","0","Y",""
"33728","CHZ/USDT:USDT","2025-03-09T18:30:12.355Z","10","0.04318583","-59616","0","Y",""
"33766","MKR/USDT:USDT","2025-03-09T19:30:03.014Z","10","1205.15501893","-2.139","0","Y",""
"33777","ETH/USDT:USDT","2025-03-09T19:45:05.210Z","10","2012.93956349","-1.278","0","Y",""
"33778","SAND/USDT:USDT","2025-03-09T19:45:10.633Z","10","0.26765158","-4864","0","Y",""
"33797","VET/USDT:USDT","2025-03-09T20:15:04.968Z","10","0.025098","-51805","0","Y",""
"33798","QNT/USDT:USDT","2025-03-09T20:15:06.575Z","10","77.41","-33.3","0","Y",""
"33799","GRT/USDT:USDT","2025-03-09T20:15:08.346Z","10","0.0897897","-42599","0","Y",""
"33802","PYTH/USDT:USDT","2025-03-09T20:15:09.880Z","10","0.14921758","-17255","0","Y",""
"34098","XRP/USDT:USDT","2025-03-10T00:31:19.377Z","10","2.10315992","618.5","618.5","N",""
"34185","XRP/USDT:USDT","2025-03-10T00:45:02.639Z","10","2.10315992","-618.5","0","Y",""
"34273","QNT/USDT:USDT","2025-03-10T00:58:59.780Z","10","75.47","17.3","17.3","N",""
"34456","QNT/USDT:USDT","2025-03-10T01:45:12.730Z","10","75.47","-17.3","0","Y",""
"34552","AVAX/USDT:USDT","2025-03-10T05:00:04.512Z","10","18.38728301","-212","0","Y",""
"34984","MKR/USDT:USDT","2025-03-10T14:03:52.560Z","10","1129.82166537","1.151","1.151","N",""
"34988","XRP/USDT:USDT","2025-03-10T14:03:56.805Z","10","2.11788859","614.6","614.6","N",""
"35018","MKR/USDT:USDT","2025-03-10T14:05:59.939Z","10","1121.48302312","1.176","2.327","N",""
"35129","INJ/USDT:USDT","2025-03-10T14:18:33.900Z","10","9.57984059","136","136","N",""
"35146","QNT/USDT:USDT","2025-03-10T14:18:50.756Z","10","73.56704522","17.7","17.7","N",""
"35164","ALGO/USDT:USDT","2025-03-10T14:22:49.250Z","10","0.19669824","240.3","240.3","N",""
"35272","ALGO/USDT:USDT","2025-03-10T14:55:15.765Z","10","0.19539754","663.2","903.5","N",""
"35273","ALGO/USDT:USDT","2025-03-10T14:55:17.216Z","10","0.19532912","26.700000000000045","930.2","N",""
"35275","ALGO/USDT:USDT","2025-03-10T14:55:25.545Z","10","0.19529982","5731.5","6661.7","N",""
"35280","MINA/USDT:USDT","2025-03-10T14:55:47.178Z","10","0.25379787","5139","5139","N",""
"35281","XRP/USDT:USDT","2025-03-10T14:56:30.768Z","10","2.07272396","627.4999999999999","1242.1","N",""
"35306","INJ/USDT:USDT","2025-03-10T15:15:06.147Z","10","9.57984059","-136","0","Y",""
"35307","MKR/USDT:USDT","2025-03-10T15:15:11.376Z","10","1121.48302312","-2.327","0","Y",""
"35308","MINA/USDT:USDT","2025-03-10T15:15:12.803Z","10","0.25379787","-5139","0","Y",""
"35325","QNT/USDT:USDT","2025-03-10T15:30:21.559Z","10","73.56704522","-17.7","0","Y",""
"35347","XRP/USDT:USDT","2025-03-10T15:45:06.378Z","10","2.07272396","-1242.1","0","Y",""
"35476","PYTH/USDT:USDT","2025-03-10T16:49:10.487Z","10","0.14662033","8873","8873","N",""
"35516","AVAX/USDT:USDT","2025-03-10T17:03:45.362Z","10","17.27292911","75","75","N",""
"35531","VET/USDT:USDT","2025-03-10T17:03:55.415Z","10","0.02353733","55301","55301","N",""
"35566","ETH/USDT:USDT","2025-03-10T17:06:24.472Z","10","1959.15","0.664","0.664","N",""
"35594","ALGO/USDT:USDT","2025-03-10T17:07:10.927Z","10","0.19114885","6806.599999999999","13468.3","N",""
"35597","GRT/USDT:USDT","2025-03-10T17:07:14.633Z","10","0.08718394","14947","14947","N",""
"35605","LTC/USDT:USDT","2025-03-10T17:07:18.657Z","10","89.00824444","14.634","14.634","N",""
"35621","PYTH/USDT:USDT","2025-03-10T17:07:30.270Z","10","0.14349","9066","17939","N",""
"35662","VET/USDT:USDT","2025-03-10T17:30:10.625Z","10","0.02353733","-55301","0","Y",""
"35683","ETH/USDT:USDT","2025-03-10T17:41:02.862Z","10","1918.2800873","0.678","1.342","N",""
"35696","BNB/USDT:USDT","2025-03-10T17:45:21.842Z","10","535.47769678","2.43","2.43","N",""
"35698","CHZ/USDT:USDT","2025-03-10T17:46:37.508Z","10","0.04227793","30796","30796","N",""
"35699","XLM/USDT:USDT","2025-03-10T17:46:39.022Z","10","0.24922582","5219","5219","N",""
"35702","AVAX/USDT:USDT","2025-03-10T17:46:40.395Z","10","16.89634676","77","152","N",""
"35712","MKR/USDT:USDT","2025-03-10T17:47:02.545Z","10","1073.15559066","1.213","1.213","N",""
"35764","OP/USDT:USDT","2025-03-10T17:49:20.698Z","10","0.8462","1537.6","1537.6","N",""
"35795","ETC/USDT:USDT","2025-03-10T18:08:20.649Z","10","17.20824306","75.6","75.6","N",""
"35815","OP/USDT:USDT","2025-03-10T18:15:03.331Z","10","0.8462","-1537.6","0","Y",""
"35816","BNB/USDT:USDT","2025-03-10T18:15:04.816Z","10","535.47769678","-2.43","0","Y",""
"35817","MKR/USDT:USDT","2025-03-10T18:15:07.736Z","10","1073.15559066","-1.213","0","Y",""
"35818","CHZ/USDT:USDT","2025-03-10T18:15:10.754Z","10","0.04227793","-30796","0","Y",""
"35843","ALGO/USDT:USDT","2025-03-10T18:47:38.315Z","10","0.18691579","6957.799999999999","20426.1","N",""
"35864","PYTH/USDT:USDT","2025-03-10T18:52:32.564Z","10","0.1404709","9268","27207","N",""
"35878","ETH/USDT:USDT","2025-03-10T18:53:15.624Z","10","1876.41750794","0.694","2.036","N",""
"35892","GRT/USDT:USDT","2025-03-10T18:53:38.299Z","10","0.08532","15276","30223","N",""
"35916","AVAX/USDT:USDT","2025-03-10T18:53:50.139Z","10","16.53222932","3","155","N",""
"35927","AVAX/USDT:USDT","2025-03-10T18:54:07.296Z","10","16.521","76","231","N",""
"35945","DOT/USDT:USDT","2025-03-10T18:54:28.595Z","10","3.82231152","340.6","340.6","N",""
"35950","XLM/USDT:USDT","2025-03-10T18:54:41.024Z","10","0.24399158","5333","10552","N",""
"35968","LTC/USDT:USDT","2025-03-10T18:55:07.700Z","10","86.96","14.959","29.593","N",""
"35974","ETC/USDT:USDT","2025-03-10T18:55:17.110Z","10","16.83977495","77.24000000000001","152.84","N",""
"35985","SAND/USDT:USDT","2025-03-10T18:55:46.221Z","10","0.25758392","5049","5049","N",""
"35996","ALGO/USDT:USDT","2025-03-10T18:58:31.191Z","10","0.1828","7116","27542.1","N",""
"36001","ETH/USDT:USDT","2025-03-10T18:58:53.208Z","10","1834.60323016","0.7090000000000001","2.745","N",""
"36016","PYTH/USDT:USDT","2025-03-10T18:59:28.622Z","10","0.13730921","19177","46384","N",""
"36055","GRT/USDT:USDT","2025-03-10T19:00:14.751Z","10","0.08349","15619","45842","N",""
"36083","AVAX/USDT:USDT","2025-03-10T19:04:17.497Z","10","16.15","81","312","N",""
"36100","DOT/USDT:USDT","2025-03-10T19:15:09.860Z","10","3.82231152","-340.6","0","Y",""
"36124","AVAX/USDT:USDT","2025-03-10T19:45:01.865Z","10","16.15","-312","0","Y",""
"36125","ETC/USDT:USDT","2025-03-10T19:45:06.302Z","10","16.83977495","-152.84","0","Y",""
"36126","SAND/USDT:USDT","2025-03-10T19:45:06.322Z","10","0.25758392","-5049","0","Y",""
"36128","LTC/USDT:USDT","2025-03-10T19:45:09.610Z","10","86.96","-29.593","0","Y",""
"36130","PYTH/USDT:USDT","2025-03-10T19:45:10.951Z","10","0.13730921","-46384","0","Y",""
"36131","GRT/USDT:USDT","2025-03-10T19:45:13.306Z","10","0.08349","-45842","0","Y",""
"36246","XRP/USDT:USDT","2025-03-10T23:57:29.401Z","10","2.01642417","645.3","645.3","N",""
"36481","XLM/USDT:USDT","2025-03-11T00:24:43.569Z","10","0.2387","5451","16003","N",""
"36506","XRP/USDT:USDT","2025-03-11T00:29:48.646Z","10","1.9748689","658.8","1304.1","N",""
"36521","ALGO/USDT:USDT","2025-03-11T00:30:00.455Z","10","0.17877228","1519.7000000000007","29061.8","N",""
"36553","ALGO/USDT:USDT","2025-03-11T00:33:24.775Z","10","0.17869781","5761.700000000001","34823.5","N",""
"36605","XLM/USDT:USDT","2025-03-11T00:35:22.822Z","10","0.2334921","5575","21578","N",""
"36682","XRP/USDT:USDT","2025-03-11T00:39:39.755Z","10","1.93298407","673","1977.1","N",""
"36760","ETH/USDT:USDT","2025-03-11T00:50:58.160Z","10","1795.64","0.726","3.471","N",""
"36765","EGLD/USDT:USDT","2025-03-11T00:51:03.181Z","10","16.45611391","79.1","79.1","N",""
"36785","OP/USDT:USDT","2025-03-11T00:51:06.981Z","10","0.75887601","1714.4","1714.4","N",""
"36840","FIL/USDT:USDT","2025-03-11T00:51:37.420Z","10","2.46321122","529.1","529.1","N",""
"36841","MKR/USDT:USDT","2025-03-11T00:51:37.436Z","10","1060.16429142","1.229","1.229","N",""
"36842","PYTH/USDT:USDT","2025-03-11T00:51:37.454Z","10","0.12877643","10104","10104","N",""
"36850","ALGO/USDT:USDT","2025-03-11T00:51:38.970Z","10","0.17485658","85.09999999999854","34908.6","N",""
"36855","XLM/USDT:USDT","2025-03-11T00:51:41.757Z","10","0.22811668","5705","27283","N",""
"36856","ALGO/USDT:USDT","2025-03-11T00:51:41.763Z","10","0.17470395","7369.700000000004","42278.3","N",""
"36920","OP/USDT:USDT","2025-03-11T00:52:03.252Z","10","0.74180338","1752.5","3466.9","N",""
"37103","XRP/USDT:USDT","2025-03-11T01:45:03.622Z","10","1.93298407","-1977.1","0","Y",""
"37104","PYTH/USDT:USDT","2025-03-11T01:45:07.871Z","10","0.12877643","-10104","0","Y",""
"37105","MKR/USDT:USDT","2025-03-11T01:45:09.363Z","10","1060.16429142","-1.229","0","Y",""
"37106","OP/USDT:USDT","2025-03-11T01:45:10.848Z","10","0.74180338","-3466.9","0","Y",""
"37107","EGLD/USDT:USDT","2025-03-11T01:45:12.336Z","10","16.45611391","-79.1","0","Y",""
"37108","FIL/USDT:USDT","2025-03-11T01:45:12.342Z","10","2.46321122","-529.1","0","Y",""
"37129","ALGO/USDT:USDT","2025-03-11T02:00:02.390Z","10","0.17470395","-42278.3","0","Y",""
"37218","ETH/USDT:USDT","2025-03-11T04:30:02.823Z","10","1872.6518640074908","-3.471","0","Y",""
"37220","XLM/USDT:USDT","2025-03-11T04:30:08.890Z","10","0.23824415999999998","-27283","0","Y",""
"37665","INJ/USDT:USDT","2025-03-11T14:38:17.231Z","10","8.8031477","1.4","1.4","N",""
"37666","INJ/USDT:USDT","2025-03-11T14:38:18.717Z","10","8.79557028","107.5","108.9","N",""
"37667","INJ/USDT:USDT","2025-03-11T14:38:20.163Z","10","8.79629122","39","147.9","N",""
"37746","INJ/USDT:USDT","2025-03-11T15:15:06.546Z","10","8.79629122","-147.9","0","Y",""
"38264","QNT/USDT:USDT","2025-03-12T04:35:37.436Z","10","74.0217427","17.9","17.9","N",""
"38292","QNT/USDT:USDT","2025-03-12T05:15:10.891Z","10","74.0217427","-17.9","0","Y",""
"39178","INJ/USDT:USDT","2025-03-13T06:45:57.028Z","10","9.098","143.2","143.2","N",""
"39183","INJ/USDT:USDT","2025-03-13T07:00:08.012Z","10","9.098","-143.2","0","Y",""
"41447","XRP/USDT:USDT","2025-03-16T11:17:56.901Z","10","2.3175","73.1","73.1","N",""
"41448","XRP/USDT:USDT","2025-03-16T11:17:58.557Z","10","2.3155","703.9","777","N",""
"41548","INJ/USDT:USDT","2025-03-16T11:45:38.241Z","10","9.65483085","186.6","186.6","N",""
"41621","INJ/USDT:USDT","2025-03-16T12:30:09.313Z","10","9.65483085","-186.6","0","Y",""
"41715","XRP/USDT:USDT","2025-03-16T13:54:47.630Z","10","2.2696","793.4000000000001","1570.4","N",""
"41742","XRP/USDT:USDT","2025-03-16T15:00:02.085Z","10","2.2696","-1570.4","0","Y",""
"43354","XRP/USDT:USDT","2025-03-18T03:30:33.482Z","10","2.27843231","790.6","790.6","N",""
"43453","XRP/USDT:USDT","2025-03-18T05:30:01.207Z","10","2.276900000007589","-790.6","0","Y",""
"44575","XRP/USDT:USDT","2025-03-18T17:56:22.226Z","10","2.22171092","810.3","810.3","N",""
"44585","XRP/USDT:USDT","2025-03-18T18:15:02.269Z","10","2.22171092","-810.3","0","Y",""
"46289","XRP/USDT:USDT","2025-03-20T05:47:08.569Z","10","2.43401756","739.9","739.9","N",""
"46339","XRP/USDT:USDT","2025-03-20T07:45:01.387Z","10","2.43401756","-739.9","0","Y",""
"46956","XRP/USDT:USDT","2025-03-20T16:34:09.720Z","10","2.41551805","745.5","745.5","N",""
"47055","XRP/USDT:USDT","2025-03-20T18:15:02.963Z","10","2.41551805","-745.5","0","Y",""
"47585","MKR/USDT:USDT","2025-03-21T09:55:15.815Z","10","1231.50634159","1.489","1.489","N",""
"47656","MKR/USDT:USDT","2025-03-21T11:00:07.806Z","10","1231.50634159","-1.489","0","Y",""
"47705","INJ/USDT:USDT","2025-03-21T12:40:32.233Z","10","9.476","190.2","190.2","N",""
"47722","XRP/USDT:USDT","2025-03-21T12:59:10.131Z","10","2.3635","761.6","761.6","N",""
"47730","INJ/USDT:USDT","2025-03-21T13:15:03.148Z","10","9.476","-190.2","0","Y",""
"47774","XRP/USDT:USDT","2025-03-21T14:00:02.967Z","10","2.3635","-761.6","0","Y",""
"51913","XRP/USDT:USDT","2025-03-26T17:33:03.378Z","10","2.3809398","756.2","756.2","N",""
"52096","XRP/USDT:USDT","2025-03-26T20:45:04.481Z","10","2.3809398","-756.2","0","Y",""
"53347","INJ/USDT:USDT","2025-03-28T04:40:40.686Z","10","9.95848194","181.3","181.3","N",""
"53385","XRP/USDT:USDT","2025-03-28T04:41:09.478Z","10","2.263","797.1","797.1","N",""
"53571","INJ/USDT:USDT","2025-03-28T06:41:42.246Z","10","9.72838688","59.39999999999998","240.7","N",""
"53574","INJ/USDT:USDT","2025-03-28T06:41:56.857Z","10","9.71994116","125.80000000000001","366.5","N",""
"53592","DOT/USDT:USDT","2025-03-28T06:49:08.575Z","10","4.335","415.7","415.7","N",""
"53598","SAND/USDT:USDT","2025-03-28T06:52:57.162Z","10","0.28750664","6267","6267","N",""
"53633","DOT/USDT:USDT","2025-03-28T07:30:03.144Z","10","4.335","-415.7","0","Y",""
"53952","AVAX/USDT:USDT","2025-03-28T09:39:50.339Z","10","20.496","88","88","N",""
"53958","INJ/USDT:USDT","2025-03-28T10:01:33.773Z","10","9.51858272","189.29999999999995","555.8","N",""
"53961","AVAX/USDT:USDT","2025-03-28T10:15:03.359Z","10","20.496","-88","0","Y",""
"53972","XRP/USDT:USDT","2025-03-28T10:54:40.939Z","10","2.21270616","813.9","1611","N",""
"54021","ETH/USDT:USDT","2025-03-28T11:25:17.665Z","10","1885.43427778","0.957","0.957","N",""
"54025","OP/USDT:USDT","2025-03-28T11:25:19.489Z","10","0.8336476","2162.9","2162.9","N",""
"54036","SAND/USDT:USDT","2025-03-28T11:25:23.119Z","10","0.28177149","6404","12671","N",""
"54079","OP/USDT:USDT","2025-03-28T11:45:03.616Z","10","0.8336476","-2162.9","0","Y",""
"54080","SAND/USDT:USDT","2025-03-28T11:45:06.681Z","10","0.28177149","-12671","0","Y",""
"54146","XRP/USDT:USDT","2025-03-28T12:30:02.540Z","10","2.21270616","-1611","0","Y",""
"54201","ETH/USDT:USDT","2025-03-28T13:15:01.978Z","10","1885.43427778","-0.957","0","Y",""
"54278","INJ/USDT:USDT","2025-03-28T14:08:39.870Z","10","9.313","193.5","749.3","N",""
"54833","INJ/USDT:USDT","2025-03-29T02:56:04.923Z","10","9.10390898","198","947.3","N","48751.32881925"
"54887","XRP/USDT:USDT","2025-03-29T03:11:00.796Z","10","2.13320095","844.9","844.9","N","48672.13412494"
"54933","XRP/USDT:USDT","2025-03-29T03:45:03.252Z","10","2.13320095","-844.9","0","Y","48845.36062043"
"55293","INJ/USDT:USDT","2025-03-29T09:44:51.597Z","10","8.90124373","202.60000000000014","1149.9","N","48606.64963749"
"55549","MKR/USDT:USDT","2025-03-29T12:01:35.625Z","10","1346.11062547","0.092","0.092","N","48455.70033799"
"55576","MKR/USDT:USDT","2025-03-29T12:15:06.587Z","10","1346.11062547","-0.092","0","Y","48453.58470307"
"55778","INJ/USDT:USDT","2025-03-29T16:46:35.043Z","10","8.674","207.5","1357.4","N","48360.12864714"
"56672","XRP/USDT:USDT","2025-03-31T04:18:19.848Z","10","2.07552768","867.5","867.5","N","48376.03010231"
"56720","XRP/USDT:USDT","2025-03-31T04:45:02.130Z","10","2.07552768","-867.5","0","Y","48362.69835352"
"57220","INJ/USDT:USDT","2025-03-31T09:34:25.261Z","10","8.46477372","212.69999999999982","1570.1","N","48077.95871100"
"57252","XRP/USDT:USDT","2025-03-31T09:43:02.129Z","10","2.0408455","882.4","882.4","N","48057.10743166"
"57366","XRP/USDT:USDT","2025-03-31T10:45:02.771Z","10","2.0408455","-882.4","0","Y","48108.32355323"
"59918","XRP/USDT:USDT","2025-04-02T05:56:43.037Z","10","2.07622073","868","868","N","48294.86929861"
"59993","XRP/USDT:USDT","2025-04-02T06:45:04.690Z","10","2.07622073","-868","0","Y","48324.05133724"
"61612","XRP/USDT:USDT","2025-04-02T22:06:53.391Z","10","2.0665","871.3","871.3","N","48438.21334151"
"61887","XRP/USDT:USDT","2025-04-02T22:21:24.096Z","10","2.02567398","889.6000000000001","1760.9","N","47985.71899398"
"61970","ALGO/USDT:USDT","2025-04-02T22:35:45.904Z","10","0.1776","10164","10164","N","47924.76118120"
"62059","SAND/USDT:USDT","2025-04-02T22:43:44.115Z","10","0.25455305","7076","7076","N","47720.36468826"
"62094","INJ/USDT:USDT","2025-04-02T22:44:06.184Z","10","8.25830275","218","1788.1","N","47720.36468826"
"62116","MKR/USDT:USDT","2025-04-02T22:44:33.055Z","10","1300","1.388","1.388","N","47720.36468826"
"62133","MANA/USDT:USDT","2025-04-02T22:44:55.813Z","10","0.23229461","7754","7754","N","47720.36468826"
"62143","LINK/USDT:USDT","2025-04-02T22:45:06.670Z","10","12.87385381","0.91","0.91","N","47720.36468826"
"62148","LINK/USDT:USDT","2025-04-02T22:45:09.797Z","10","12.86534857","139.08","139.99","N","47720.36468826"
"62166","AVAX/USDT:USDT","2025-04-02T22:56:21.186Z","10","17.88063025","101","101","N","47719.24128741"
"62216","ALGO/USDT:USDT","2025-04-02T23:01:10.406Z","10","0.1735","10384.900000000001","20548.9","N","47719.24128741"
"62217","VET/USDT:USDT","2025-04-02T23:01:10.432Z","10","0.02137839","84394","84394","N","47719.24128741"
"62282","AVAX/USDT:USDT","2025-04-02T23:30:01.802Z","10","17.88063025","-101","0","Y","47640.60641436"
"62287","VET/USDT:USDT","2025-04-02T23:30:09.186Z","10","0.02137839","-84394","0","Y","47640.60641436"
"62307","MANA/USDT:USDT","2025-04-02T23:45:08.342Z","10","0.23229461","-7754","0","Y","47980.89749724"
"62628","SAND/USDT:USDT","2025-04-03T00:15:09.604Z","10","0.25455305","-7076","0","Y","48056.59938771"
"62686","XRP/USDT:USDT","2025-04-03T00:45:04.429Z","10","2.02567398","-1760.9","0","Y","48458.43200503"
"62689","LINK/USDT:USDT","2025-04-03T00:45:06.207Z","10","12.86534857","-139.99","0","Y","48458.43200503"
"62692","MKR/USDT:USDT","2025-04-03T00:45:10.593Z","10","1300","-1.388","0","Y","48458.43200503"
"62782","ALGO/USDT:USDT","2025-04-03T02:45:09.947Z","10","0.1735","-20548.9","0","Y","48786.98042236"
"63445","XRP/USDT:USDT","2025-04-03T12:43:23.446Z","10","1.99741713","902.4","902.4","N","47736.64210146"
"63470","INJ/USDT:USDT","2025-04-03T12:43:52.278Z","10","8.05405718","223.70000000000005","2011.8","N","47736.64210146"
"63620","ETC/USDT:USDT","2025-04-03T12:49:45.967Z","10","15.60458505","115.66","115.66","N","47736.64210146"
"63666","ETC/USDT:USDT","2025-04-03T13:30:05.943Z","10","15.60458505","-115.66","0","Y","47642.28222192"
"63713","XRP/USDT:USDT","2025-04-03T13:45:02.148Z","10","1.99741713","-902.4","0","Y","47929.45886200"
"67367","XRP/USDT:USDT","2025-04-06T12:32:56.260Z","10","2.0748","867.7","867.7","N","47696.26442001"
"67750","XRP/USDT:USDT","2025-04-06T15:00:05.356Z","10","2.0748","-867.7","0","Y","47696.26442001"
"68000","OP/USDT:USDT","2025-04-06T17:03:32.754Z","10","0.62999048","2859.6","2859.6","N","46956.37885691"
"68088","ETH/USDT:USDT","2025-04-06T17:27:23.262Z","10","1702.00892857","1.061","1.061","N","46768.05021289"
"68116","OP/USDT:USDT","2025-04-06T17:27:27.222Z","10","0.6183641","2923.1","5782.7","N","46768.05021289"
"68185","MKR/USDT:USDT","2025-04-06T17:36:09.506Z","10","1244.66246793","1.448","1.448","N","46558.87266127"
"68262","LTC/USDT:USDT","2025-04-06T17:42:44.619Z","10","75.74","23.785","23.785","N","46458.78259410"
"68410","XRP/USDT:USDT","2025-04-06T18:08:05.061Z","10","2.01932792","891.6","891.6","N","46305.38619512"
"68415","ETH/USDT:USDT","2025-04-06T18:08:12.713Z","10","1664.52364286","1.084","2.145","N","46305.38619512"
"68449","ETC/USDT:USDT","2025-04-06T18:13:00.745Z","10","14.83323804","121.37","121.37","N","46134.69667869"
"68524","LTC/USDT:USDT","2025-04-06T18:18:37.240Z","10","74.07","24.313","48.098","N","46134.69667869"
"68555","VET/USDT:USDT","2025-04-06T18:20:51.821Z","10","0.020081","89722","89722","N","45841.29930009"
"68616","ETH/USDT:USDT","2025-04-06T18:21:18.881Z","10","1629.04174603","1.109","3.254","N","45841.29930009"
"68617","OP/USDT:USDT","2025-04-06T18:21:18.881Z","10","0.60312051","2989.5999999999995","8772.3","N","45841.29930009"
"68649","ETC/USDT:USDT","2025-04-06T18:21:39.357Z","10","14.524","124.00999999999999","245.38","N","45841.29930009"
"68721","MANA/USDT:USDT","2025-04-06T18:29:56.919Z","10","0.21985381","8198","8198","N","45841.29930009"
"68830","MKR/USDT:USDT","2025-04-06T18:50:21.252Z","10","1217.72111432","1.48","2.928","N","45716.02127700"
"68839","BNB/USDT:USDT","2025-04-06T18:50:28.598Z","10","553.48","3.26","3.26","N","45716.02127700"
"68847","XRP/USDT:USDT","2025-04-06T18:50:42.248Z","10","1.97886299","910.4","1802","N","45382.25985567"
"68874","LTC/USDT:USDT","2025-04-06T18:50:55.867Z","10","72.48785475","24.866","72.964","N","45382.25985567"
"68876","SAND/USDT:USDT","2025-04-06T18:50:57.383Z","10","0.23383067","7712","7712","N","45382.25985567"
"68957","ALGO/USDT:USDT","2025-04-06T19:09:07.704Z","10","0.1644","10961","10961","N","45707.31896946"
"69057","FIL/USDT:USDT","2025-04-06T19:44:40.018Z","10","2.41","21.8","21.8","N","45621.14447512"
"69059","FIL/USDT:USDT","2025-04-06T19:44:45.369Z","10","2.41","85.4","107.2","N","45621.14447512"
"69061","FIL/USDT:USDT","2025-04-06T19:44:46.784Z","10","2.41","640.0999999999999","747.3","N","45621.14447512"
"69097","MANA/USDT:USDT","2025-04-06T20:00:06.298Z","10","0.21985381","-8198","0","Y","45841.29930009"
"69098","BNB/USDT:USDT","2025-04-06T20:00:06.298Z","10","553.48","-3.26","0","Y","45716.02127700"
"69103","FIL/USDT:USDT","2025-04-06T20:00:10.560Z","10","2.41","-747.3","0","Y","45621.14447512"
"69142","MKR/USDT:USDT","2025-04-06T20:22:15.461Z","10","1191.87173602","1.5120000000000005","4.44","N","45680.79632448"
"69167","ETH/USDT:USDT","2025-04-06T20:34:41.696Z","10","1587.77","1.134","4.388","N","45419.62553562"
"69168","ETC/USDT:USDT","2025-04-06T20:34:41.696Z","10","14.21","126.76999999999998","372.15","N","45419.62553562"
"69216","XLM/USDT:USDT","2025-04-06T20:36:20.411Z","10","0.23544","6352","6352","N","45419.62553562"
"69217","LTC/USDT:USDT","2025-04-06T20:36:20.411Z","10","70.89721616","25.444000000000003","98.408","N","45419.62553562"
"69225","XLM/USDT:USDT","2025-04-06T20:36:21.914Z","10","0.23550936","1303","7655","N","45419.62553562"
"69241","VET/USDT:USDT","2025-04-06T20:36:32.447Z","10","0.01965786","6371","96093","N","45419.62553562"
"69253","VET/USDT:USDT","2025-04-06T20:36:52.578Z","10","0.01966387","85323","181416","N","45419.62553562"
"69257","OP/USDT:USDT","2025-04-06T20:36:54.116Z","10","0.58890073","3059.1000000000004","11831.4","N","45419.62553562"
"69272","AVAX/USDT:USDT","2025-04-06T20:36:59.653Z","10","15.966","113","113","N","45419.62553562"
"69339","VET/USDT:USDT","2025-04-06T20:45:10.097Z","10","0.01966387","-181416","0","Y","45419.62553562"
"69379","XRP/USDT:USDT","2025-04-06T20:58:05.701Z","10","1.93797978","929.9000000000001","2731.9","N","45056.53567261"
"69408","AVAX/USDT:USDT","2025-04-06T21:15:04.442Z","10","15.966","-113","0","Y","45419.62553562"
"69471","MKR/USDT:USDT","2025-04-06T22:00:13.518Z","10","1164.90300468","1.5459999999999994","5.986","N","45127.73332655"
"69578","SAND/USDT:USDT","2025-04-06T22:15:02.875Z","10","0.23383067","-7712","0","Y","45382.25985567"
"69674","XLM/USDT:USDT","2025-04-06T22:47:21.411Z","10","0.23036","7821","15476","N","44685.37708213"
"69734","ALGO/USDT:USDT","2025-04-06T23:03:33.003Z","10","0.16092018","3413.2000000000007","14374.2","N","44322.86584145"
"69736","ALGO/USDT:USDT","2025-04-06T23:03:34.262Z","10","0.16082807","80.69999999999891","14454.9","N","44322.86584145"
"69738","ALGO/USDT:USDT","2025-04-06T23:03:35.490Z","10","0.16083596","7705.4","22160.3","N","44322.86584145"
"69773","XRP/USDT:USDT","2025-04-06T23:10:18.552Z","10","1.89714336","950.4000000000001","3682.3","N","44322.86584145"
"69776","ETH/USDT:USDT","2025-04-06T23:10:19.874Z","10","1552.52","1.1600000000000001","5.548","N","44322.86584145"
"69783","XLM/USDT:USDT","2025-04-06T23:11:40.254Z","10","0.22525","7995","23471","N","43721.62726471"
"69790","MKR/USDT:USDT","2025-04-06T23:16:56.758Z","10","1138.62620304","1.5819999999999999","7.568","N","43721.62726471"
"69812","LTC/USDT:USDT","2025-04-06T23:17:51.926Z","10","69.17770505","26.049999999999997","124.458","N","43721.62726471"
"69826","ETC/USDT:USDT","2025-04-06T23:17:59.980Z","10","13.904","129.65000000000003","501.8","N","43721.62726471"
"70460","ALGO/USDT:USDT","2025-04-07T01:15:14.420Z","10","0.16083596","-22160.3","0","Y","44322.86584145"
"70496","OP/USDT:USDT","2025-04-07T01:30:10.682Z","10","0.58890073","-11831.4","0","Y","45419.62553562"
"70587","XLM/USDT:USDT","2025-04-07T03:19:50.320Z","10","0.22021188","8177","31648","N","44291.91064231"
"70627","XRP/USDT:USDT","2025-04-07T03:32:26.799Z","10","1.85478178","971.6999999999998","4654","N","44037.03634820"
"70689","XLM/USDT:USDT","2025-04-07T03:35:24.453Z","10","0.21526521","8367","40015","N","44037.03634820"
"70707","MKR/USDT:USDT","2025-04-07T03:36:16.613Z","10","1123","1.6189999999999998","9.187","N","44037.03634820"
"70781","XRP/USDT:USDT","2025-04-07T03:43:25.898Z","10","1.81122351","994.1000000000004","5648.1","N","42652.73755793"
"70808","ETC/USDT:USDT","2025-04-07T03:44:12.062Z","10","13.56531202","132.66000000000003","634.46","N","42652.73755793"
"70830","LTC/USDT:USDT","2025-04-07T03:44:22.261Z","10","67.55","26.685000000000002","151.143","N","42652.73755793"
"70841","DOT/USDT:USDT","2025-04-07T03:44:27.661Z","10","3.4507286","522.3","522.3","N","42652.73755793"
"71025","DOT/USDT:USDT","2025-04-07T04:30:08.902Z","10","3.4507286","-522.3","0","Y","42652.73755793"
"71180","XRP/USDT:USDT","2025-04-07T05:39:07.750Z","10","1.7701","1017.5","6665.6","N","42946.56271831"
"71195","XLM/USDT:USDT","2025-04-07T05:45:34.126Z","10","0.21021","8566","48581","N","42493.48831524"
"71325","ETH/USDT:USDT","2025-04-07T06:19:15.074Z","10","1518.91","1.1879999999999997","6.736","N","42273.65373265"
"71349","XRP/USDT:USDT","2025-04-07T06:20:25.472Z","10","1.72863094","1042","7707.6","N","42273.65373265"
"71368","LTC/USDT:USDT","2025-04-07T06:24:19.222Z","10","65.82842215","27.352000000000004","178.495","N","41095.14249927"
"71417","MKR/USDT:USDT","2025-04-07T06:26:20.533Z","10","1086.91981017","1.6580000000000013","10.845","N","41095.14249927"
"71422","XLM/USDT:USDT","2025-04-07T06:26:22.809Z","10","0.20520976","8775","57356","N","41095.14249927"
"71465","VET/USDT:USDT","2025-04-07T06:27:21.587Z","10","0.0183555","10511","10511","N","41095.14249927"
"71471","ETC/USDT:USDT","2025-04-07T06:27:22.941Z","10","13.26389667","135.81999999999994","770.28","N","41095.14249927"
"71479","VET/USDT:USDT","2025-04-07T06:27:27.113Z","10","0.01835661","18598","29109","N","41095.14249927"
"71484","XRP/USDT:USDT","2025-04-07T06:28:53.907Z","10","1.68696975","1067.699999999999","8775.3","N","41095.14249927"
"71537","VET/USDT:USDT","2025-04-07T06:34:34.948Z","10","0.01834915","69149","98258","N","40209.60883846"
"71563","ETH/USDT:USDT","2025-04-07T06:36:18.537Z","10","1484.12490476","1.2170000000000005","7.953","N","40209.60883846"
"71589","BNB/USDT:USDT","2025-04-07T06:36:59.965Z","10","531.17836835","3.39","3.39","N","40209.60883846"
"71678","LTC/USDT:USDT","2025-04-07T06:44:00.598Z","10","64.22854444","28.054000000000002","206.549","N","39016.77324162"
"71694","MKR/USDT:USDT","2025-04-07T06:44:08.401Z","10","1070.1","1.6989999999999998","12.544","N","39016.77324162"
"71732","XRP/USDT:USDT","2025-04-07T06:46:18.360Z","10","1.6451","1094.7000000000007","9870","N","39016.77324162"
"71777","FIL/USDT:USDT","2025-04-07T06:46:45.507Z","10","2.18045253","828.9","828.9","N","39016.77324162"
"71778","VET/USDT:USDT","2025-04-07T06:46:45.507Z","10","0.0179418","100417","198675","N","39016.77324162"
"71795","ETH/USDT:USDT","2025-04-07T06:46:56.736Z","10","1445.93571779","1.246999999999999","9.2","N","39016.77324162"
"71796","ETC/USDT:USDT","2025-04-07T06:46:56.736Z","10","12.95772226","139.13","909.41","N","39016.77324162"
"71819","SAND/USDT:USDT","2025-04-07T06:47:00.850Z","10","0.2140101","8430","8430","N","39016.77324162"
"71892","AVAX/USDT:USDT","2025-04-07T06:54:10.846Z","10","14.81438762","122","122","N","38199.10470585"
"71894","LINK/USDT:USDT","2025-04-07T06:54:12.070Z","10","10.21356838","176.39","176.39","N","38199.10470585"
"71904","FIL/USDT:USDT","2025-04-07T06:54:18.137Z","10","2.128","847.1","1676","N","38199.10470585"
"71907","OP/USDT:USDT","2025-04-07T06:54:19.355Z","10","0.55066331","3269","3269","N","38199.10470585"
"71925","ALGO/USDT:USDT","2025-04-07T06:54:25.491Z","10","0.14651491","2865.8","2865.8","N","38199.10470585"
"71936","XLM/USDT:USDT","2025-04-07T06:54:38.454Z","10","0.20025","8995","66351","N","38199.10470585"
"71937","ALGO/USDT:USDT","2025-04-07T06:54:38.454Z","10","0.1463","1649.3999999999996","4515.2","N","38199.10470585"
"71940","ALGO/USDT:USDT","2025-04-07T06:54:39.792Z","10","0.14626114","7807.2","12322.4","N","38199.10470585"
"71955","BNB/USDT:USDT","2025-04-07T06:54:45.624Z","10","521.51244213","3.4599999999999995","6.85","N","38199.10470585"
"71957","DOT/USDT:USDT","2025-04-07T06:54:46.933Z","10","3.28817653","549","549","N","38199.10470585"
"72100","OP/USDT:USDT","2025-04-07T07:15:08.508Z","10","0.55066331","-3269","0","Y","38199.10470585"
"72101","DOT/USDT:USDT","2025-04-07T07:15:08.508Z","10","3.28817653","-549","0","Y","38199.10470585"
"72104","VET/USDT:USDT","2025-04-07T07:15:10.902Z","10","0.0179418","-198675","0","Y","39016.77324162"
"72144","FIL/USDT:USDT","2025-04-07T07:30:08.174Z","10","2.128","-1676","0","Y","38199.10470585"
"72185","AVAX/USDT:USDT","2025-04-07T07:45:01.230Z","10","14.81438762","-122","0","Y","38199.10470585"
"72187","BNB/USDT:USDT","2025-04-07T07:45:03.670Z","10","521.51244213","-6.85","0","Y","38199.10470585"
"72500","LINK/USDT:USDT","2025-04-07T08:30:05.500Z","10","10.21356838","-176.39","0","Y","38199.10470585"
"72501","SAND/USDT:USDT","2025-04-07T08:30:06.757Z","10","0.2140101","-8430","0","Y","39016.77324162"
"72504","ETC/USDT:USDT","2025-04-07T08:30:08.106Z","10","12.95772226","-909.41","0","Y","39016.77324162"
"72550","ALGO/USDT:USDT","2025-04-07T08:45:10.159Z","10","0.14626114","-12322.4","0","Y","38199.10470585"
"72658","XLM/USDT:USDT","2025-04-07T09:45:03.800Z","10","0.20025","-66351","0","Y","38199.10470585"
"73340","XRP/USDT:USDT","2025-04-07T14:00:02.383Z","10","1.6451","-9870","0","Y","39016.77324162"
"73345","LTC/USDT:USDT","2025-04-07T14:00:10.130Z","10","64.22854444","-206.549","0","Y","39016.77324162"
"73347","MKR/USDT:USDT","2025-04-07T14:00:12.967Z","10","1070.1","-12.544","0","Y","39016.77324162"
"73516","ETH/USDT:USDT","2025-04-07T14:15:03.482Z","10","1445.93571779","-9.2","0","Y","39016.77324162"
"76278","MKR/USDT:USDT","2025-04-08T17:09:17.874Z","10","1221.29718655","1.474","1.474","N","47609.13595111"
"76334","ALGO/USDT:USDT","2025-04-08T17:12:11.771Z","10","0.15998526","2673.7","2673.7","N","47532.87711712"
"76337","ALGO/USDT:USDT","2025-04-08T17:12:12.971Z","10","0.15996158","259.8000000000002","2933.5","N","47532.87711712"
"76339","ALGO/USDT:USDT","2025-04-08T17:12:14.227Z","10","0.15988167","8330.6","11264.1","N","47532.87711712"
"76340","XRP/USDT:USDT","2025-04-08T17:12:14.227Z","10","1.84239787","977.6","977.6","N","47532.87711712"
"76405","ETH/USDT:USDT","2025-04-08T17:22:29.873Z","10","1463.83246032","1.23","1.23","N","47434.17103524"
"76443","LINK/USDT:USDT","2025-04-08T17:26:28.952Z","10","10.875","12.49","12.49","N","47434.17103524"
"76444","LINK/USDT:USDT","2025-04-08T17:26:30.178Z","10","10.87279154","153.06","165.55","N","47434.17103524"
"76554","MKR/USDT:USDT","2025-04-08T17:45:04.795Z","10","1221.29718655","-1.474","0","Y","47609.13595111"
"76658","ETH/USDT:USDT","2025-04-08T18:30:03.375Z","10","1463.83246032","-1.23","0","Y","47434.17103524"
"76781","AVAX/USDT:USDT","2025-04-08T19:35:12.385Z","10","16.129","112","112","N","47628.91878942"
"76835","ALGO/USDT:USDT","2025-04-08T20:02:59.897Z","10","0.15846779","11508.999999999998","22773.1","N","47511.26277836"
"76836","ALGO/USDT:USDT","2025-04-08T20:04:31.474Z","10","0.1532","163.3000000000029","22936.4","N","47511.26277836"
"76837","ALGO/USDT:USDT","2025-04-08T20:04:32.941Z","10","0.15302377","4667.5999999999985","27604","N","47511.26277836"
"76839","ALGO/USDT:USDT","2025-04-08T20:04:34.353Z","10","0.15314612","6933.800000000003","34537.8","N","47511.26277836"
"76868","AVAX/USDT:USDT","2025-04-08T20:45:02.757Z","10","16.129","-112","0","Y","47628.91878942"
"76869","LINK/USDT:USDT","2025-04-08T20:45:03.927Z","10","10.87279154","-165.55","0","Y","47434.17103524"
"76907","XRP/USDT:USDT","2025-04-08T21:26:42.886Z","10","1.8044","998.1999999999999","1975.8","N","47390.82961924"
"76961","XRP/USDT:USDT","2025-04-08T22:00:01.320Z","10","1.8044","-1975.8","0","Y","47390.82961924"
"77466","XLM/USDT:USDT","2025-04-09T01:07:45.851Z","10","0.2185","8241","8241","N","47374.90212785"
"77657","ALGO/USDT:USDT","2025-04-09T01:21:14.247Z","10","0.14975026","76.69999999999709","34614.5","N","47117.80455854"
"77658","ALGO/USDT:USDT","2025-04-09T01:21:18.107Z","10","0.14973421","410.1999999999971","35024.7","N","46842.23607808"
"77670","ALGO/USDT:USDT","2025-04-09T01:23:18.659Z","10","0.1497118","11545.200000000004","46569.9","N","46842.23607808"
"77690","XLM/USDT:USDT","2025-04-09T01:26:52.750Z","10","0.21393","8420","16661","N","46842.23607808"
"77710","ETH/USDT:USDT","2025-04-09T01:27:42.990Z","10","1388.73716667","1.3","1.3","N","46842.23607808"
"77841","ETH/USDT:USDT","2025-04-09T02:00:02.679Z","10","1388.73716667","-1.3","0","Y","46842.23607808"
"77844","ALGO/USDT:USDT","2025-04-09T02:00:03.975Z","10","0.1497118","-46569.9","0","Y","46842.23607808"
"78285","XLM/USDT:USDT","2025-04-09T05:30:03.299Z","10","0.21393","-16661","0","Y","46842.23607808"
"81761","MKR/USDT:USDT","2025-04-10T03:20:11.792Z","10","1331.75867335","0.296","0.296","N","49580.89455717"
"81767","MKR/USDT:USDT","2025-04-10T03:20:26.105Z","10","1329.3647829","1.059","1.355","N","49580.89455717"
"82108","MKR/USDT:USDT","2025-04-10T05:30:06.676Z","10","1329.3647829","-1.355","0","Y","49580.89455717"
"83257","ETH/USDT:USDT","2025-04-10T15:37:53.327Z","10","1504.26788889","1.198","1.198","N","49154.32700740"
"83274","XRP/USDT:USDT","2025-04-10T15:38:13.551Z","10","1.92612391","935.3","935.3","N","49154.32700740"
"83514","MKR/USDT:USDT","2025-04-10T16:01:48.718Z","10","1254.65049774","1.437","1.437","N","49008.09210845"
"83620","MKR/USDT:USDT","2025-04-10T16:45:03.306Z","10","1254.65049774","-1.437","0","Y","49008.09210845"
"83631","ETH/USDT:USDT","2025-04-10T17:00:01.115Z","10","1504.26788889","-1.198","0","Y","49154.32700740"
"83701","XRP/USDT:USDT","2025-04-10T17:45:03.633Z","10","1.92612391","-935.3","0","Y","49154.32700740"
"91975","XRP/USDT:USDT","2025-04-13T21:08:19.967Z","10","2.09161106","861.3","861.3","N","49932.13910889"
"92121","XRP/USDT:USDT","2025-04-13T23:30:01.871Z","10","2.09161106","-861.3","0","Y","49932.13910889"
"96897","XRP/USDT:USDT","2025-04-16T00:12:38.960Z","10","2.07517124","867.5","867.5","N","49178.71447996"
"96926","XRP/USDT:USDT","2025-04-16T00:30:02.941Z","10","2.07517124","-867.5","0","Y","49178.71447996"
"103555","INJ/USDT:USDT","2025-04-19T11:26:50.938Z","10","8.05405718","-2011.8","0","Y","47736.64210146"